date,company,adj close,close,high,low,open,volume
2019-09-30,AAPL,54.89745330810547,55.99250030517578,56.14500045776367,55.1974983215332,55.224998474121094,103909600.0
2019-09-30,AMD,28.989999771118164,28.989999771118164,29.049999237060547,28.360000610351562,28.889999389648438,37295600.0
2019-09-30,ARW,74.58000183105469,74.58000183105469,74.75,73.7699966430664,74.26000213623047,576100.0
2019-09-30,CHGG,29.950000762939453,29.950000762939453,30.15999984741211,29.34000015258789,30.100000381469727,3826700.0
2019-09-30,UIS,7.429999828338623,7.429999828338623,7.579999923706055,7.320000171661377,7.489999771118164,667600.0
2019-09-30,XBIT,10.460000038146973,10.460000038146973,10.699999809265137,10.220000267028809,10.300000190734863,193200.0
2019-10-01,AAPL,55.04941940307617,56.147499084472656,57.05500030517578,56.04999923706055,56.26750183105469,139223200.0
2019-10-01,AMD,28.760000228881836,28.760000228881836,29.540000915527344,28.639999389648438,29.049999237060547,37081800.0
2019-10-01,ARW,72.98999786376953,72.98999786376953,75.8499984741211,72.88999938964844,75.05000305175781,367700.0
2019-10-01,CHGG,29.209999084472656,29.209999084472656,30.510000228881836,29.209999084472656,30.09000015258789,1583400.0
2019-10-01,UIS,6.96999979019165,6.96999979019165,7.590000152587891,6.920000076293945,7.46999979019165,624600.0
2019-10-01,XBIT,10.140000343322754,10.140000343322754,10.800000190734863,10.010000228881836,10.539999961853027,312400.0
2019-10-02,AAPL,53.6694450378418,54.7400016784668,55.89500045776367,54.48249816894531,55.76499938964844,138449200.0
2019-10-02,AMD,28.309999465942383,28.309999465942383,28.850000381469727,28.030000686645508,28.5,43640700.0
2019-10-02,ARW,72.72000122070312,72.72000122070312,72.98999786376953,71.51000213623047,72.33000183105469,732000.0
2019-10-02,CHGG,28.459999084472656,28.459999084472656,29.3799991607666,28.360000610351562,28.90999984741211,2089000.0
2019-10-02,UIS,6.690000057220459,6.690000057220459,6.940000057220459,6.690000057220459,6.900000095367432,787000.0
2019-10-02,XBIT,9.279999732971191,9.279999732971191,10.239999771118164,9.079999923706055,10.010000228881836,248200.0
2019-10-03,AAPL,54.12535095214844,55.20500183105469,55.2400016784668,53.782501220703125,54.60749816894531,114426000.0
2019-10-03,AMD,28.68000030517578,28.68000030517578,28.780000686645508,27.43000030517578,28.280000686645508,56325200.0
2019-10-03,ARW,72.83999633789062,72.83999633789062,72.94999694824219,71.33000183105469,72.51000213623047,1330500.0
2019-10-03,CHGG,29.59000015258789,29.59000015258789,29.610000610351562,28.290000915527344,28.350000381469727,1854600.0
2019-10-03,UIS,6.840000152587891,6.840000152587891,6.900000095367432,6.460000038146973,6.639999866485596,1192700.0
2019-10-03,XBIT,9.3100004196167,9.3100004196167,9.430000305175781,8.930000305175781,9.199999809265137,95000.0
2019-10-04,AAPL,55.6425895690918,56.752498626708984,56.872501373291016,55.97249984741211,56.40999984741211,138478800.0
2019-10-04,AMD,29.010000228881836,29.010000228881836,29.059999465942383,28.280000686645508,28.829999923706055,34446700.0
2019-10-04,ARW,74.33000183105469,74.33000183105469,74.37000274658203,71.31999969482422,72.87000274658203,923300.0
2019-10-04,CHGG,30.489999771118164,30.489999771118164,30.530000686645508,29.510000228881836,29.729999542236328,2088400.0
2019-10-04,UIS,6.940000057220459,6.940000057220459,6.949999809265137,6.679999828338623,6.840000152587891,530600.0
2019-10-04,XBIT,8.949999809265137,8.949999809265137,9.390000343322754,8.640000343322754,9.229999542236328,160700.0
2019-10-07,AAPL,55.65484619140625,56.76499938964844,57.48249816894531,56.459999084472656,56.567501068115234,122306000.0
2019-10-07,AMD,28.93000030517578,28.93000030517578,29.6299991607666,28.84000015258789,28.899999618530273,39337200.0
2019-10-07,ARW,72.72000122070312,72.72000122070312,74.33999633789062,72.70999908447266,74.04000091552734,1011300.0
2019-10-07,CHGG,30.780000686645508,30.780000686645508,31.239999771118164,30.31999969482422,30.469999313354492,2216000.0
2019-10-07,UIS,7.019999980926514,7.019999980926514,7.119999885559082,6.860000133514404,6.980000019073486,520100.0
2019-10-07,XBIT,9.0600004196167,9.0600004196167,9.239999771118164,9.0,9.0,83300.0
2019-10-08,AAPL,55.00284957885742,56.099998474121094,57.01499938964844,56.08250045776367,56.45500183105469,111820000.0
2019-10-08,AMD,28.229999542236328,28.229999542236328,28.639999389648438,27.920000076293945,28.549999237060547,44265700.0
2019-10-08,ARW,71.31999969482422,71.31999969482422,72.31999969482422,71.2699966430664,72.18000030517578,524300.0
2019-10-08,CHGG,30.530000686645508,30.530000686645508,30.84000015258789,30.149999618530273,30.440000534057617,1427800.0
2019-10-08,UIS,6.840000152587891,6.840000152587891,7.039999961853027,6.829999923706055,7.019999980926514,668600.0
2019-10-08,XBIT,8.989999771118164,8.989999771118164,9.1899995803833,8.880000114440918,9.050000190734863,90800.0
2019-10-09,AAPL,55.647491455078125,56.75749969482422,56.9474983215332,56.40999984741211,56.75749969482422,74770400.0
2019-10-09,AMD,28.459999084472656,28.459999084472656,28.950000762939453,28.350000381469727,28.799999237060547,35661500.0
2019-10-09,ARW,72.19000244140625,72.19000244140625,72.66999816894531,71.77999877929688,72.16000366210938,403600.0
2019-10-09,CHGG,31.229999542236328,31.229999542236328,31.3799991607666,30.530000686645508,30.780000686645508,1907200.0
2019-10-09,UIS,6.840000152587891,6.840000152587891,6.929999828338623,6.739999771118164,6.880000114440918,441800.0
2019-10-09,XBIT,8.329999923706055,8.329999923706055,9.170000076293945,8.180000305175781,9.069999694824219,188700.0
2019-10-10,AAPL,56.39752960205078,57.522499084472656,57.61000061035156,56.82500076293945,56.98249816894531,113013600.0
2019-10-10,AMD,28.3799991607666,28.3799991607666,28.889999389648438,28.0,28.520000457763672,40660100.0
2019-10-10,ARW,73.16000366210938,73.16000366210938,73.44000244140625,72.22000122070312,72.31999969482422,534300.0
2019-10-10,CHGG,31.489999771118164,31.489999771118164,31.8700008392334,30.899999618530273,31.149999618530273,1352100.0
2019-10-10,UIS,7.010000228881836,7.010000228881836,7.039999961853027,6.809999942779541,6.849999904632568,688900.0
2019-10-10,XBIT,8.579999923706055,8.579999923706055,8.640000343322754,8.34000015258789,8.350000381469727,121200.0
2019-10-11,AAPL,57.89760971069336,59.0525016784668,59.40999984741211,58.07749938964844,58.23749923706055,166795600.0
2019-10-11,AMD,29.75,29.75,30.200000762939453,28.809999465942383,28.829999923706055,66256900.0
2019-10-11,ARW,74.22000122070312,74.22000122070312,75.61000061035156,74.16000366210938,74.31999969482422,515000.0
2019-10-11,CHGG,32.130001068115234,32.130001068115234,32.66999816894531,31.850000381469727,31.90999984741211,1420200.0
2019-10-11,UIS,7.610000133514404,7.610000133514404,7.75,7.170000076293945,7.230000019073486,1197700.0
2019-10-11,XBIT,8.630000114440918,8.630000114440918,8.75,8.5600004196167,8.609999656677246,124100.0
2019-10-14,AAPL,57.81427001953125,58.967498779296875,59.532501220703125,58.66749954223633,58.724998474121094,96427600.0
2019-10-14,AMD,30.530000686645508,30.530000686645508,30.610000610351562,29.3799991607666,29.709999084472656,44473700.0
2019-10-14,ARW,73.88999938964844,73.88999938964844,74.33000183105469,73.54000091552734,74.05999755859375,542200.0
2019-10-14,CHGG,32.619998931884766,32.619998931884766,32.709999084472656,32.0,32.130001068115234,1132500.0
2019-10-14,UIS,7.730000019073486,7.730000019073486,7.869999885559082,7.420000076293945,7.590000152587891,847900.0
2019-10-14,XBIT,8.539999961853027,8.539999961853027,8.779999732971191,8.359999656677246,8.640000343322754,77300.0
2019-10-15,AAPL,57.67946243286133,58.83000183105469,59.412498474121094,58.720001220703125,59.09749984741211,87360000.0
2019-10-15,AMD,30.719999313354492,30.719999313354492,30.920000076293945,30.170000076293945,30.700000762939453,41600700.0
2019-10-15,ARW,74.9000015258789,74.9000015258789,75.5999984741211,74.05000305175781,74.43000030517578,1303400.0
2019-10-15,CHGG,33.04999923706055,33.04999923706055,33.08000183105469,32.27000045776367,32.63999938964844,978800.0
2019-10-15,UIS,7.900000095367432,7.900000095367432,7.989999771118164,7.699999809265137,7.71999979019165,957800.0
2019-10-15,XBIT,8.770000457763672,8.770000457763672,8.899999618530273,8.359999656677246,8.5600004196167,69900.0
2019-10-16,AAPL,57.44660568237305,58.592498779296875,58.810001373291016,58.29999923706055,58.342498779296875,73903200.0
2019-10-16,AMD,30.809999465942383,30.809999465942383,31.40999984741211,30.530000686645508,30.600000381469727,42804400.0
2019-10-16,ARW,75.63999938964844,75.63999938964844,76.80999755859375,75.0,75.0,524600.0
2019-10-16,CHGG,32.29999923706055,32.29999923706055,33.15999984741211,32.099998474121094,32.849998474121094,1336000.0
2019-10-16,UIS,7.730000019073486,7.730000019073486,7.989999771118164,7.670000076293945,7.829999923706055,815100.0
2019-10-16,XBIT,8.829999923706055,8.829999923706055,8.970000267028809,8.649999618530273,8.729999542236328,27100.0
2019-10-17,AAPL,57.669654846191406,58.81999969482422,59.037498474121094,58.380001068115234,58.772499084472656,67585200.0
2019-10-17,AMD,31.139999389648438,31.139999389648438,31.399999618530273,30.860000610351562,31.299999237060547,36884400.0
2019-10-17,ARW,76.05000305175781,76.05000305175781,76.19000244140625,75.37999725341797,76.08999633789062,403200.0
2019-10-17,CHGG,32.75,32.75,32.880001068115234,32.31999969482422,32.560001373291016,1045200.0
2019-10-17,UIS,7.809999942779541,7.809999942779541,7.880000114440918,7.710000038146973,7.75,670100.0
2019-10-17,XBIT,9.100000381469727,9.100000381469727,9.25,8.829999923706055,8.829999923706055,69100.0
2019-10-18,AAPL,57.946632385253906,59.102500915527344,59.39500045776367,58.5724983215332,58.647499084472656,97433600.0
2019-10-18,AMD,30.969999313354492,30.969999313354492,31.329999923706055,30.290000915527344,31.059999465942383,39681700.0
2019-10-18,ARW,75.63999938964844,75.63999938964844,76.16999816894531,75.47000122070312,75.91000366210938,403200.0
2019-10-18,CHGG,32.369998931884766,32.369998931884766,32.9900016784668,31.899999618530273,32.66999816894531,1314200.0
2019-10-18,UIS,7.53000020980835,7.53000020980835,7.809999942779541,7.5,7.78000020980835,583100.0
2019-10-18,XBIT,9.399999618530273,9.399999618530273,9.460000038146973,9.079999923706055,9.079999923706055,68000.0
2019-10-21,AAPL,58.95158386230469,60.127498626708984,60.247501373291016,59.33000183105469,59.380001068115234,87247200.0
2019-10-21,AMD,32.029998779296875,32.029998779296875,32.2599983215332,31.40999984741211,31.5,52182800.0
2019-10-21,ARW,76.12000274658203,76.12000274658203,76.75,75.69000244140625,76.23999786376953,323200.0
2019-10-21,CHGG,32.72999954223633,32.72999954223633,32.790000915527344,32.130001068115234,32.45000076293945,1189500.0
2019-10-21,UIS,7.739999771118164,7.739999771118164,7.78000020980835,7.570000171661377,7.590000152587891,498400.0
2019-10-21,XBIT,9.789999961853027,9.789999961853027,9.789999961853027,9.390000343322754,9.5,110100.0
2019-10-22,AAPL,58.816776275634766,59.9900016784668,60.54999923706055,59.904998779296875,60.290000915527344,82293600.0
2019-10-22,AMD,31.510000228881836,31.510000228881836,32.150001525878906,31.5,32.060001373291016,36185200.0
2019-10-22,ARW,76.3499984741211,76.3499984741211,76.7699966430664,75.30999755859375,76.1500015258789,355200.0
2019-10-22,CHGG,32.7599983215332,32.7599983215332,33.119998931884766,32.29999923706055,32.91999816894531,1657500.0
2019-10-22,UIS,7.849999904632568,7.849999904632568,7.889999866485596,7.590000152587891,7.760000228881836,602500.0
2019-10-22,XBIT,9.300000190734863,9.300000190734863,10.270000457763672,9.25,9.829999923706055,141600.0
2019-10-23,AAPL,59.60602569580078,60.79499816894531,60.810001373291016,60.30500030517578,60.525001525878906,75828800.0
2019-10-23,AMD,31.360000610351562,31.360000610351562,31.649999618530273,30.829999923706055,31.09000015258789,26582200.0
2019-10-23,ARW,76.58000183105469,76.58000183105469,76.94999694824219,75.54000091552734,76.02999877929688,424800.0
2019-10-23,CHGG,31.6200008392334,31.6200008392334,32.88999938964844,31.399999618530273,32.75,1828100.0
2019-10-23,UIS,8.130000114440918,8.130000114440918,8.140000343322754,7.809999942779541,7.869999885559082,521500.0
2019-10-23,XBIT,9.350000381469727,9.350000381469727,9.550000190734863,9.119999885559082,9.399999618530273,99300.0
2019-10-24,AAPL,59.704071044921875,60.89500045776367,61.20000076293945,60.45249938964844,61.127498626708984,69275200.0
2019-10-24,AMD,31.719999313354492,31.719999313354492,31.860000610351562,31.34000015258789,31.579999923706055,27808000.0
2019-10-24,ARW,76.19000244140625,76.19000244140625,77.36000061035156,75.83000183105469,77.18000030517578,396100.0
2019-10-24,CHGG,32.36000061035156,32.36000061035156,32.4900016784668,31.479999542236328,31.75,1138600.0
2019-10-24,UIS,7.929999828338623,7.929999828338623,8.220000267028809,7.789999961853027,8.220000267028809,466700.0
2019-10-24,XBIT,9.899999618530273,9.899999618530273,9.979999542236328,9.329999923706055,9.329999923706055,82200.0
2019-10-25,AAPL,60.43940734863281,61.64500045776367,61.682498931884766,60.720001220703125,60.790000915527344,73477200.0
2019-10-25,AMD,32.709999084472656,32.709999084472656,32.86000061035156,31.829999923706055,31.899999618530273,45368800.0
2019-10-25,ARW,77.16999816894531,77.16999816894531,77.63999938964844,75.25,76.0999984741211,429400.0
2019-10-25,CHGG,32.709999084472656,32.709999084472656,32.9900016784668,32.130001068115234,32.2599983215332,1019800.0
2019-10-25,UIS,8.140000343322754,8.140000343322754,8.180000305175781,7.889999866485596,7.900000095367432,772500.0
2019-10-25,XBIT,9.989999771118164,9.989999771118164,10.130000114440918,9.84000015258789,9.84000015258789,113200.0
2019-10-28,AAPL,61.04482650756836,62.26250076293945,62.3125,61.68000030517578,61.85499954223633,96572800.0
2019-10-28,AMD,33.689998626708984,33.689998626708984,33.90999984741211,33.150001525878906,33.15999984741211,51223600.0
2019-10-28,ARW,77.62999725341797,77.62999725341797,78.68000030517578,77.18000030517578,77.76000213623047,384500.0
2019-10-28,CHGG,32.59000015258789,32.59000015258789,32.91999816894531,32.13999938964844,32.79999923706055,2331900.0
2019-10-28,UIS,8.569999694824219,8.569999694824219,8.609999656677246,8.220000267028809,8.239999771118164,775600.0
2019-10-28,XBIT,10.170000076293945,10.170000076293945,10.260000228881836,9.609999656677246,9.979999542236328,101700.0
2019-10-29,AAPL,59.632991790771484,60.8224983215332,62.4375,60.64250183105469,62.24250030517578,142839600.0
2019-10-29,AMD,33.029998779296875,33.029998779296875,33.900001525878906,32.70000076293945,33.72999954223633,78700100.0
2019-10-29,ARW,78.29000091552734,78.29000091552734,78.55000305175781,77.18000030517578,77.18000030517578,610500.0
2019-10-29,CHGG,31.420000076293945,31.420000076293945,32.45000076293945,31.360000610351562,32.45000076293945,1355100.0
2019-10-29,UIS,8.489999771118164,8.489999771118164,8.630000114440918,8.369999885559082,8.600000381469727,953900.0
2019-10-29,XBIT,10.460000038146973,10.460000038146973,10.569999694824219,10.100000381469727,10.180000305175781,188800.0
2019-10-30,AAPL,59.62563705444336,60.814998626708984,61.32500076293945,60.3025016784668,61.189998626708984,124522000.0
2019-10-30,AMD,33.130001068115234,33.130001068115234,33.34000015258789,32.029998779296875,32.93000030517578,78228800.0
2019-10-30,ARW,78.19999694824219,78.19999694824219,78.48999786376953,77.37000274658203,78.43000030517578,349500.0
2019-10-30,CHGG,31.290000915527344,31.290000915527344,31.6200008392334,30.889999389648438,31.389999389648438,1300400.0
2019-10-30,UIS,9.890000343322754,9.890000343322754,10.25,9.329999923706055,9.479999542236328,2498100.0
2019-10-30,XBIT,10.989999771118164,10.989999771118164,11.050000190734863,10.300000190734863,10.399999618530273,143000.0
2019-10-31,AAPL,60.9737434387207,62.189998626708984,62.29249954223633,59.314998626708984,61.810001373291016,139162000.0
2019-10-31,AMD,33.93000030517578,33.93000030517578,34.34000015258789,32.81999969482422,32.97999954223633,67881600.0
2019-10-31,ARW,79.27999877929688,79.27999877929688,80.0,78.13999938964844,78.61000061035156,906400.0
2019-10-31,CHGG,30.65999984741211,30.65999984741211,31.229999542236328,30.469999313354492,31.229999542236328,1529400.0
2019-10-31,UIS,10.260000228881836,10.260000228881836,10.279999732971191,9.670000076293945,9.890000343322754,1746700.0
2019-10-31,XBIT,10.869999885559082,10.869999885559082,11.116000175476074,10.550000190734863,10.970000267028809,109200.0
2019-11-01,AAPL,62.70423126220703,63.95500183105469,63.98249816894531,62.290000915527344,62.3849983215332,151125200.0
2019-11-01,AMD,34.88999938964844,34.88999938964844,35.0,34.099998474121094,34.369998931884766,64238600.0
2019-11-01,ARW,81.08000183105469,81.08000183105469,81.69000244140625,79.4800033569336,79.70999908447266,749800.0
2019-11-01,CHGG,30.75,30.75,31.149999618530273,30.350000381469727,30.770000457763672,2503500.0
2019-11-01,UIS,10.380000114440918,10.380000114440918,10.65999984741211,10.180000305175781,10.329999923706055,965000.0
2019-11-01,XBIT,11.279999732971191,11.279999732971191,11.329999923706055,10.760000228881836,10.880000114440918,128000.0
2019-11-04,AAPL,63.116004943847656,64.375,64.4625015258789,63.845001220703125,64.3324966430664,103272000.0
2019-11-04,AMD,36.290000915527344,36.290000915527344,36.45000076293945,34.7599983215332,35.189998626708984,83343800.0
2019-11-04,ARW,81.88999938964844,81.88999938964844,82.33000183105469,81.18000030517578,81.94000244140625,607400.0
2019-11-04,CHGG,29.329999923706055,29.329999923706055,31.110000610351562,29.170000076293945,30.899999618530273,3695400.0
2019-11-04,UIS,10.9399995803833,10.9399995803833,11.09000015258789,10.40999984741211,10.489999771118164,1477000.0
2019-11-04,XBIT,10.600000381469727,10.600000381469727,11.380000114440918,10.420000076293945,11.229999542236328,88000.0
2019-11-05,AAPL,63.025325775146484,64.28250122070312,64.54750061035156,64.08000183105469,64.26249694824219,79897600.0
2019-11-05,AMD,36.150001525878906,36.150001525878906,37.18000030517578,35.97999954223633,36.560001373291016,84848600.0
2019-11-05,ARW,82.58000183105469,82.58000183105469,83.43000030517578,81.91999816894531,82.33999633789062,734400.0
2019-11-05,CHGG,33.540000915527344,33.540000915527344,35.56999969482422,32.65999984741211,34.06999969482422,8176900.0
2019-11-05,UIS,11.069999694824219,11.069999694824219,11.420000076293945,10.859999656677246,11.0,1534800.0
2019-11-05,XBIT,10.470000267028809,10.470000267028809,10.800000190734863,10.166000366210938,10.710000038146973,211400.0
2019-11-06,AAPL,63.052284240722656,64.30999755859375,64.37249755859375,63.842498779296875,64.19249725341797,75864400.0
2019-11-06,AMD,35.93000030517578,35.93000030517578,36.47999954223633,35.52000045776367,36.060001373291016,51675100.0
2019-11-06,ARW,82.04000091552734,82.04000091552734,82.76000213623047,81.75,82.58000183105469,790900.0
2019-11-06,CHGG,34.41999816894531,34.41999816894531,35.0,33.599998474121094,33.7400016784668,2444900.0
2019-11-06,UIS,10.739999771118164,10.739999771118164,11.010000228881836,10.569999694824219,10.979999542236328,997700.0
2019-11-06,XBIT,10.359999656677246,10.359999656677246,10.760000228881836,10.289999961853027,10.460000038146973,62800.0
2019-11-07,AAPL,63.779991149902344,64.85749816894531,65.0875015258789,64.52749633789062,64.68499755859375,94940400.0
2019-11-07,AMD,36.279998779296875,36.279998779296875,36.9900016784668,36.029998779296875,36.52000045776367,54350200.0
2019-11-07,ARW,81.79000091552734,81.79000091552734,83.26000213623047,81.4800033569336,82.7699966430664,642700.0
2019-11-07,CHGG,33.849998474121094,33.849998474121094,34.849998474121094,33.709999084472656,34.540000915527344,1764300.0
2019-11-07,UIS,11.020000457763672,11.020000457763672,11.369999885559082,10.789999961853027,10.800000190734863,716700.0
2019-11-07,XBIT,10.520000457763672,10.520000457763672,10.600000381469727,10.25,10.359999656677246,65000.0
2019-11-08,AAPL,63.95454406738281,65.03500366210938,65.11000061035156,64.2125015258789,64.67250061035156,69986400.0
2019-11-08,AMD,36.290000915527344,36.290000915527344,36.58000183105469,36.0,36.060001373291016,39353900.0
2019-11-08,ARW,81.7300033569336,81.7300033569336,82.11000061035156,80.0,80.0,401400.0
2019-11-08,CHGG,34.04999923706055,34.04999923706055,34.25,33.5,33.709999084472656,963800.0
2019-11-08,UIS,11.539999961853027,11.539999961853027,11.569999694824219,10.890000343322754,11.0,965500.0
2019-11-08,XBIT,11.09000015258789,11.09000015258789,11.300000190734863,10.600000381469727,10.600000381469727,97600.0
2019-11-11,AAPL,64.46099090576172,65.55000305175781,65.61750030517578,64.56999969482422,64.57499694824219,81821200.0
2019-11-11,AMD,36.310001373291016,36.310001373291016,36.65999984741211,35.58000183105469,35.959999084472656,43511100.0
2019-11-11,ARW,81.23999786376953,81.23999786376953,81.75,81.11000061035156,81.2300033569336,372200.0
2019-11-11,CHGG,34.810001373291016,34.810001373291016,35.08000183105469,34.0099983215332,34.0099983215332,944200.0
2019-11-11,UIS,11.25,11.25,11.4399995803833,11.140000343322754,11.359999656677246,616400.0
2019-11-11,XBIT,11.130000114440918,11.130000114440918,11.460000038146973,10.875,11.0600004196167,120200.0
2019-11-12,AAPL,64.4019775390625,65.48999786376953,65.69750213623047,65.2300033569336,65.38749694824219,87388800.0
2019-11-12,AMD,36.709999084472656,36.709999084472656,37.130001068115234,36.400001525878906,36.43000030517578,58664500.0
2019-11-12,ARW,80.5999984741211,80.5999984741211,81.7699966430664,80.56999969482422,81.33000183105469,365500.0
2019-11-12,CHGG,35.34000015258789,35.34000015258789,35.58000183105469,34.400001525878906,34.95000076293945,1107000.0
2019-11-12,UIS,11.109999656677246,11.109999656677246,11.4399995803833,11.079999923706055,11.25,669300.0
2019-11-12,XBIT,11.199999809265137,11.199999809265137,11.800000190734863,11.079999923706055,11.449999809265137,195200.0
2019-11-13,AAPL,65.01905059814453,66.11750030517578,66.19499969482422,65.26750183105469,65.28250122070312,102734400.0
2019-11-13,AMD,37.52000045776367,37.52000045776367,37.959999084472656,36.58000183105469,36.650001525878906,67648300.0
2019-11-13,ARW,80.12000274658203,80.12000274658203,80.54000091552734,79.8499984741211,79.9800033569336,442000.0
2019-11-13,CHGG,36.04999923706055,36.04999923706055,36.130001068115234,35.290000915527344,35.290000915527344,940900.0
2019-11-13,UIS,10.960000038146973,10.960000038146973,11.170000076293945,10.949999809265137,11.010000228881836,740000.0
2019-11-13,XBIT,11.449999809265137,11.449999809265137,11.694999694824219,11.260000228881836,11.359999656677246,92900.0
2019-11-14,AAPL,64.56916046142578,65.66000366210938,66.22000122070312,65.5250015258789,65.9375,89182800.0
2019-11-14,AMD,38.349998474121094,38.349998474121094,38.5,37.36000061035156,37.5099983215332,65829500.0
2019-11-14,ARW,80.01000213623047,80.01000213623047,80.27999877929688,79.55999755859375,80.08999633789062,575900.0
2019-11-14,CHGG,36.52000045776367,36.52000045776367,36.54999923706055,35.7599983215332,35.90999984741211,879200.0
2019-11-14,UIS,10.90999984741211,10.90999984741211,11.119999885559082,10.90999984741211,10.960000038146973,621300.0
2019-11-14,XBIT,13.119999885559082,13.119999885559082,13.569999694824219,11.289999961853027,11.489999771118164,407900.0
2019-11-15,AAPL,65.33621215820312,66.44000244140625,66.44499969482422,65.75250244140625,65.91999816894531,100206400.0
2019-11-15,AMD,38.560001373291016,38.560001373291016,39.369998931884766,38.34000015258789,38.939998626708984,62958500.0
2019-11-15,ARW,80.06999969482422,80.06999969482422,80.9800033569336,79.91000366210938,80.44999694824219,606000.0
2019-11-15,CHGG,36.56999969482422,36.56999969482422,37.2599983215332,36.349998474121094,36.7400016784668,961700.0
2019-11-15,UIS,10.970000267028809,10.970000267028809,11.069999694824219,10.880000114440918,10.960000038146973,710600.0
2019-11-15,XBIT,12.529999732971191,12.529999732971191,13.272000312805176,12.390000343322754,13.09000015258789,209800.0
2019-11-18,AAPL,65.66563415527344,66.7750015258789,66.85749816894531,66.05750274658203,66.44999694824219,86703200.0
2019-11-18,AMD,39.880001068115234,39.880001068115234,39.9900016784668,38.599998474121094,38.650001525878906,66102800.0
2019-11-18,ARW,79.44999694824219,79.44999694824219,79.91999816894531,78.7699966430664,79.91999816894531,989200.0
2019-11-18,CHGG,36.88999938964844,36.88999938964844,37.0099983215332,36.2599983215332,36.560001373291016,596100.0
2019-11-18,UIS,10.859999656677246,10.859999656677246,10.989999771118164,10.739999771118164,10.960000038146973,543900.0
2019-11-18,XBIT,13.34000015258789,13.34000015258789,13.59000015258789,11.789999961853027,12.520000457763672,262800.0
2019-11-19,AAPL,65.46650695800781,66.57250213623047,67.0,66.34750366210938,66.9749984741211,76167200.0
2019-11-19,AMD,41.290000915527344,41.290000915527344,41.790000915527344,39.689998626708984,40.13999938964844,94373000.0
2019-11-19,ARW,79.25,79.25,80.22000122070312,78.69999694824219,79.87000274658203,646400.0
2019-11-19,CHGG,36.66999816894531,36.66999816894531,37.13999938964844,36.63999938964844,37.0,641400.0
2019-11-19,UIS,10.920000076293945,10.920000076293945,10.960000038146973,10.630000114440918,10.84000015258789,581000.0
2019-11-19,XBIT,14.729999542236328,14.729999542236328,14.899999618530273,13.489999771118164,13.489999771118164,431800.0
2019-11-20,AAPL,64.70437622070312,65.79750061035156,66.5199966430664,65.0999984741211,66.38500213623047,106234400.0
2019-11-20,AMD,40.97999954223633,40.97999954223633,41.75,40.06999969482422,40.959999084472656,79767900.0
2019-11-20,ARW,78.83999633789062,78.83999633789062,79.56999969482422,78.30999755859375,79.0199966430664,547800.0
2019-11-20,CHGG,36.59000015258789,36.59000015258789,37.06999969482422,36.22999954223633,36.540000915527344,1227100.0
2019-11-20,UIS,10.829999923706055,10.829999923706055,11.100000381469727,10.779999732971191,10.859999656677246,632000.0
2019-11-20,XBIT,14.149999618530273,14.149999618530273,15.319999694824219,13.289999961853027,14.8100004196167,401000.0
2019-11-21,AAPL,64.41426849365234,65.50250244140625,66.00250244140625,65.29499816894531,65.92250061035156,121395200.0
2019-11-21,AMD,39.52000045776367,39.52000045776367,40.709999084472656,38.63999938964844,40.41999816894531,88069400.0
2019-11-21,ARW,79.27999877929688,79.27999877929688,79.4800033569336,78.54000091552734,78.88999938964844,538000.0
2019-11-21,CHGG,36.06999969482422,36.06999969482422,36.91999816894531,35.91999816894531,36.75,858600.0
2019-11-21,UIS,10.779999732971191,10.779999732971191,10.890000343322754,10.6899995803833,10.84000015258789,462000.0
2019-11-21,XBIT,13.520000457763672,13.520000457763672,14.253999710083008,13.3100004196167,14.0600004196167,209700.0
2019-11-22,AAPL,64.35772705078125,65.44499969482422,65.79499816894531,65.20999908447266,65.64749908447266,65325200.0
2019-11-22,AMD,39.150001525878906,39.150001525878906,39.88999938964844,38.189998626708984,39.36000061035156,56931900.0
2019-11-22,ARW,79.30000305175781,79.30000305175781,79.97000122070312,79.25,79.58000183105469,336200.0
2019-11-22,CHGG,36.599998474121094,36.599998474121094,36.7400016784668,36.0099983215332,36.27000045776367,683400.0
2019-11-22,UIS,11.119999885559082,11.119999885559082,11.300000190734863,10.739999771118164,10.84000015258789,463400.0
2019-11-22,XBIT,12.850000381469727,12.850000381469727,14.239999771118164,12.739999771118164,13.609999656677246,317900.0
2019-11-25,AAPL,65.48616790771484,66.59249877929688,66.61000061035156,65.62999725341797,65.67749786376953,84020400.0
2019-11-25,AMD,39.790000915527344,39.790000915527344,40.16999816894531,39.4900016784668,39.5,45769500.0
2019-11-25,ARW,80.54000091552734,80.54000091552734,80.69999694824219,79.36000061035156,79.58000183105469,474600.0
2019-11-25,CHGG,38.45000076293945,38.45000076293945,38.529998779296875,37.04999923706055,37.2400016784668,1005900.0
2019-11-25,UIS,11.520000457763672,11.520000457763672,11.59000015258789,11.100000381469727,11.109999656677246,526600.0
2019-11-25,XBIT,12.59000015258789,12.59000015258789,13.369999885559082,12.3100004196167,13.0600004196167,250000.0
2019-11-26,AAPL,64.97481536865234,66.07250213623047,66.79000091552734,65.625,66.73500061035156,105207600.0
2019-11-26,AMD,38.9900016784668,38.9900016784668,39.47999954223633,38.810001373291016,39.29999923706055,43603300.0
2019-11-26,ARW,80.1500015258789,80.1500015258789,80.91000366210938,79.8499984741211,80.55999755859375,931700.0
2019-11-26,CHGG,39.16999816894531,39.16999816894531,39.630001068115234,38.45000076293945,38.5,1430500.0
2019-11-26,UIS,11.600000381469727,11.600000381469727,11.640000343322754,11.210000038146973,11.489999771118164,682100.0
2019-11-26,XBIT,11.539999961853027,11.539999961853027,12.579999923706055,11.300000190734863,12.430000305175781,369000.0
2019-11-27,AAPL,65.84756469726562,66.95999908447266,66.99500274658203,66.32749938964844,66.3949966430664,65235600.0
2019-11-27,AMD,39.40999984741211,39.40999984741211,39.7599983215332,39.06999969482422,39.459999084472656,33630100.0
2019-11-27,ARW,80.55999755859375,80.55999755859375,80.58000183105469,79.8499984741211,80.38999938964844,440100.0
2019-11-27,CHGG,39.41999816894531,39.41999816894531,39.72999954223633,39.150001525878906,39.439998626708984,1018700.0
2019-11-27,UIS,11.710000038146973,11.710000038146973,11.899999618530273,11.65999984741211,11.680000305175781,663900.0
2019-11-27,XBIT,11.8149995803833,11.8149995803833,12.024999618530273,11.510000228881836,11.710000038146973,184400.0
2019-11-29,AAPL,65.7025146484375,66.8125,67.0,66.4749984741211,66.6500015258789,46617600.0
2019-11-29,AMD,39.150001525878906,39.150001525878906,39.52000045776367,39.02000045776367,39.099998474121094,17609900.0
2019-11-29,ARW,79.63999938964844,79.63999938964844,80.80000305175781,79.58999633789062,80.1500015258789,283500.0
2019-11-29,CHGG,38.77000045776367,38.77000045776367,39.31999969482422,38.689998626708984,39.209999084472656,352000.0
2019-11-29,UIS,11.380000114440918,11.380000114440918,11.720000267028809,11.350000381469727,11.6899995803833,202400.0
2019-11-29,XBIT,11.489999771118164,11.489999771118164,12.300000190734863,11.470000267028809,11.899999618530273,290400.0
2019-12-02,AAPL,64.94284057617188,66.04000091552734,67.0625,65.86250305175781,66.81749725341797,94487200.0
2019-12-02,AMD,38.72999954223633,38.72999954223633,39.40999984741211,38.439998626708984,39.31999969482422,35710200.0
2019-12-02,ARW,79.8499984741211,79.8499984741211,80.22000122070312,79.33000183105469,79.72000122070312,694000.0
2019-12-02,CHGG,38.5,38.5,38.88999938964844,37.61000061035156,38.84000015258789,1044400.0
2019-12-02,UIS,11.140000343322754,11.140000343322754,11.520000457763672,11.100000381469727,11.350000381469727,365000.0
2019-12-02,XBIT,11.0,11.0,12.229999542236328,10.800000190734863,11.649999618530273,303800.0
2019-12-03,AAPL,63.784915924072266,64.86250305175781,64.88249969482422,64.07250213623047,64.57749938964844,114430400.0
2019-12-03,AMD,38.900001525878906,38.900001525878906,38.93000030517578,37.150001525878906,37.34000015258789,51556400.0
2019-12-03,ARW,79.41000366210938,79.41000366210938,79.47000122070312,78.19000244140625,79.0,494800.0
2019-12-03,CHGG,38.5,38.5,38.52000045776367,37.880001068115234,38.08000183105469,651500.0
2019-12-03,UIS,10.949999809265137,10.949999809265137,11.119999885559082,10.800000190734863,10.920000076293945,508500.0
2019-12-03,XBIT,10.90999984741211,10.90999984741211,11.536999702453613,10.6899995803833,10.880000114440918,235100.0
2019-12-04,AAPL,64.34789276123047,65.43499755859375,65.82749938964844,65.16999816894531,65.26750183105469,67181600.0
2019-12-04,AMD,39.689998626708984,39.689998626708984,39.81999969482422,39.130001068115234,39.380001068115234,44299400.0
2019-12-04,ARW,80.5,80.5,81.33999633789062,79.76000213623047,80.05000305175781,578500.0
2019-12-04,CHGG,38.279998779296875,38.279998779296875,38.939998626708984,37.84000015258789,38.58000183105469,919200.0
2019-12-04,UIS,11.029999732971191,11.029999732971191,11.1899995803833,10.979999542236328,11.020000457763672,425700.0
2019-12-04,XBIT,11.329999923706055,11.329999923706055,11.680000305175781,11.100000381469727,11.100000381469727,299400.0
2019-12-05,AAPL,65.29194641113281,66.3949966430664,66.47250366210938,65.68250274658203,65.94750213623047,74424400.0
2019-12-05,AMD,39.619998931884766,39.619998931884766,40.220001220703125,39.54999923706055,39.95000076293945,35574000.0
2019-12-05,ARW,81.16000366210938,81.16000366210938,81.54000091552734,80.88999938964844,80.88999938964844,358300.0
2019-12-05,CHGG,37.59000015258789,37.59000015258789,38.75,37.220001220703125,38.33000183105469,687100.0
2019-12-05,UIS,10.850000381469727,10.850000381469727,11.140000343322754,10.729999542236328,11.029999732971191,415200.0
2019-12-05,XBIT,11.020000457763672,11.020000457763672,11.680000305175781,10.8100004196167,11.4399995803833,235800.0
2019-12-06,AAPL,66.55313110351562,67.67749786376953,67.75,66.82499694824219,66.87000274658203,106075600.0
2019-12-06,AMD,39.630001068115234,39.630001068115234,40.189998626708984,39.560001373291016,40.099998474121094,31101400.0
2019-12-06,ARW,82.3499984741211,82.3499984741211,82.83000183105469,81.87000274658203,82.01000213623047,340700.0
2019-12-06,CHGG,37.95000076293945,37.95000076293945,38.43000030517578,37.709999084472656,38.0,583200.0
2019-12-06,UIS,11.25,11.25,11.34000015258789,10.890000343322754,10.890000343322754,714500.0
2019-12-06,XBIT,11.119999885559082,11.119999885559082,11.239999771118164,10.569999694824219,11.239999771118164,246400.0
2019-12-09,AAPL,65.62138366699219,66.7300033569336,67.69999694824219,66.22750091552734,67.5,128042400.0
2019-12-09,AMD,38.93000030517578,38.93000030517578,39.84000015258789,38.90999984741211,39.459999084472656,27928100.0
2019-12-09,ARW,82.18000030517578,82.18000030517578,82.54000091552734,81.94000244140625,82.25,574100.0
2019-12-09,CHGG,37.61000061035156,37.61000061035156,38.18000030517578,37.529998779296875,37.83000183105469,623200.0
2019-12-09,UIS,11.15999984741211,11.15999984741211,11.449999809265137,11.149999618530273,11.25,468200.0
2019-12-09,XBIT,19.5,19.5,22.950000762939453,18.670000076293945,22.799999237060547,4819000.0
2019-12-10,AAPL,66.00489807128906,67.12000274658203,67.51750183105469,66.46499633789062,67.1500015258789,90420400.0
2019-12-10,AMD,39.439998626708984,39.439998626708984,39.72999954223633,38.81999969482422,39.20000076293945,33733600.0
2019-12-10,ARW,82.5,82.5,82.87999725341797,81.70999908447266,82.12999725341797,475100.0
2019-12-10,CHGG,37.939998626708984,37.939998626708984,37.9900016784668,37.36000061035156,37.560001373291016,445800.0
2019-12-10,UIS,11.010000228881836,11.010000228881836,11.130000114440918,10.90999984741211,11.09000015258789,493200.0
2019-12-10,XBIT,18.895000457763672,18.895000457763672,19.690000534057617,17.209999084472656,19.0,1202900.0
2019-12-11,AAPL,66.56788635253906,67.69249725341797,67.7750015258789,67.125,67.20249938964844,78756800.0
2019-12-11,AMD,39.470001220703125,39.470001220703125,39.61000061035156,39.040000915527344,39.439998626708984,31698300.0
2019-12-11,ARW,83.29000091552734,83.29000091552734,83.44000244140625,82.33999633789062,82.55000305175781,401400.0
2019-12-11,CHGG,37.349998474121094,37.349998474121094,37.970001220703125,37.15999984741211,37.959999084472656,661100.0
2019-12-11,UIS,11.260000228881836,11.260000228881836,11.3100004196167,11.0,11.050000190734863,409800.0
2019-12-11,XBIT,19.3799991607666,19.3799991607666,20.1200008392334,19.0,20.0,455300.0
2019-12-12,AAPL,66.73751831054688,67.86499786376953,68.13999938964844,66.83000183105469,66.94499969482422,137310400.0
2019-12-12,AMD,42.59000015258789,42.59000015258789,42.619998931884766,39.25,39.400001525878906,86878000.0
2019-12-12,ARW,85.12000274658203,85.12000274658203,85.16999816894531,82.95999908447266,83.05000305175781,535000.0
2019-12-12,CHGG,37.119998931884766,37.119998931884766,37.599998474121094,36.7599983215332,37.349998474121094,861500.0
2019-12-12,UIS,11.760000228881836,11.760000228881836,11.84000015258789,11.289999961853027,11.289999961853027,515300.0
2019-12-12,XBIT,19.770000457763672,19.770000457763672,20.040000915527344,19.110000610351562,19.3799991607666,352500.0
2019-12-13,AAPL,67.64470672607422,68.7874984741211,68.82499694824219,67.73249816894531,67.86499786376953,133587600.0
2019-12-13,AMD,41.150001525878906,41.150001525878906,42.95000076293945,41.060001373291016,42.349998474121094,79927800.0
2019-12-13,ARW,84.44999694824219,84.44999694824219,85.6500015258789,84.12999725341797,85.12999725341797,614900.0
2019-12-13,CHGG,37.619998931884766,37.619998931884766,37.68000030517578,37.08000183105469,37.08000183105469,959900.0
2019-12-13,UIS,11.920000076293945,11.920000076293945,11.970000267028809,11.569999694824219,11.6899995803833,628400.0
2019-12-13,XBIT,19.860000610351562,19.860000610351562,19.950000762939453,19.40999984741211,19.799999237060547,225100.0
2019-12-16,AAPL,68.8026351928711,69.96499633789062,70.19750213623047,69.24500274658203,69.25,128186000.0
2019-12-16,AMD,42.349998474121094,42.349998474121094,42.97999954223633,41.72999954223633,41.72999954223633,58824900.0
2019-12-16,ARW,84.98999786376953,84.98999786376953,85.38999938964844,84.36000061035156,84.75,440100.0
2019-12-16,CHGG,38.349998474121094,38.349998474121094,38.86000061035156,37.81999969482422,37.81999969482422,1281600.0
2019-12-16,UIS,12.25,12.25,12.430000305175781,11.979999542236328,12.0,670500.0
2019-12-16,XBIT,19.479999542236328,19.479999542236328,19.790000915527344,19.059999465942383,19.790000915527344,257900.0
2019-12-17,AAPL,68.93785095214844,70.10250091552734,70.44249725341797,69.69999694824219,69.89250183105469,114158400.0
2019-12-17,AMD,42.77000045776367,42.77000045776367,43.11000061035156,42.150001525878906,42.5099983215332,44852000.0
2019-12-17,ARW,84.61000061035156,84.61000061035156,85.48999786376953,84.37999725341797,85.48999786376953,495700.0
2019-12-17,CHGG,38.369998931884766,38.369998931884766,38.70000076293945,38.27000045776367,38.5099983215332,1085600.0
2019-12-17,UIS,12.260000228881836,12.260000228881836,12.470000267028809,12.220000267028809,12.279999732971191,677100.0
2019-12-17,XBIT,19.889999389648438,19.889999389648438,19.989999771118164,19.420000076293945,19.600000381469727,296400.0
2019-12-18,AAPL,68.77313232421875,69.93499755859375,70.4749984741211,69.77999877929688,69.94999694824219,116028400.0
2019-12-18,AMD,42.29999923706055,42.29999923706055,43.060001373291016,42.2400016784668,42.790000915527344,39083300.0
2019-12-18,ARW,84.08999633789062,84.08999633789062,84.69000244140625,83.94999694824219,84.69000244140625,584600.0
2019-12-18,CHGG,38.4900016784668,38.4900016784668,38.95000076293945,38.099998474121094,38.470001220703125,844400.0
2019-12-18,UIS,12.050000190734863,12.050000190734863,12.399999618530273,11.989999771118164,12.289999961853027,508700.0
2019-12-18,XBIT,19.6200008392334,19.6200008392334,19.8799991607666,19.200000762939453,19.799999237060547,259600.0
2019-12-19,AAPL,68.84196472167969,70.00499725341797,70.29499816894531,69.73750305175781,69.875,98369200.0
2019-12-19,AMD,42.83000183105469,42.83000183105469,43.34000015258789,42.599998474121094,42.630001068115234,45883000.0
2019-12-19,ARW,84.43000030517578,84.43000030517578,84.9000015258789,83.7300033569336,84.11000061035156,654000.0
2019-12-19,CHGG,38.68000030517578,38.68000030517578,39.45000076293945,38.58000183105469,38.77000045776367,1176700.0
2019-12-19,UIS,11.609999656677246,11.609999656677246,11.920000076293945,11.550000190734863,11.920000076293945,806100.0
2019-12-19,XBIT,19.469999313354492,19.469999313354492,19.700000762939453,19.25,19.440000534057617,265200.0
2019-12-20,AAPL,68.69938659667969,69.86000061035156,70.6624984741211,69.63999938964844,70.55750274658203,275978000.0
2019-12-20,AMD,44.150001525878906,44.150001525878906,44.2599983215332,43.2599983215332,43.439998626708984,68104700.0
2019-12-20,ARW,84.76000213623047,84.76000213623047,85.27999877929688,84.52999877929688,84.52999877929688,1176100.0
2019-12-20,CHGG,38.349998474121094,38.349998474121094,38.90999984741211,38.040000915527344,38.880001068115234,1382400.0
2019-12-20,UIS,11.569999694824219,11.569999694824219,11.710000038146973,11.380000114440918,11.65999984741211,2188100.0
2019-12-20,XBIT,19.8700008392334,19.8700008392334,20.09000015258789,19.3799991607666,19.610000610351562,980100.0
2019-12-23,AAPL,69.82044219970703,71.0,71.0625,70.09249877929688,70.13249969482422,98572000.0
2019-12-23,AMD,45.459999084472656,45.459999084472656,45.630001068115234,44.38999938964844,44.58000183105469,55886500.0
2019-12-23,ARW,84.73999786376953,84.73999786376953,85.29000091552734,84.44000244140625,84.97000122070312,492400.0
2019-12-23,CHGG,38.040000915527344,38.040000915527344,38.5,37.93000030517578,38.4900016784668,876900.0
2019-12-23,UIS,11.420000076293945,11.420000076293945,11.680000305175781,11.220000267028809,11.609999656677246,388200.0
2019-12-23,XBIT,19.920000076293945,19.920000076293945,19.989999771118164,19.350000381469727,19.799999237060547,384800.0
2019-12-24,AAPL,69.8868179321289,71.06749725341797,71.22250366210938,70.7300033569336,71.17250061035156,48478800.0
2019-12-24,AMD,46.540000915527344,46.540000915527344,46.61000061035156,45.77000045776367,46.099998474121094,44432200.0
2019-12-24,ARW,84.45999908447266,84.45999908447266,84.9800033569336,84.4000015258789,84.69000244140625,155500.0
2019-12-24,CHGG,38.380001068115234,38.380001068115234,38.689998626708984,37.88999938964844,38.040000915527344,180000.0
2019-12-24,UIS,11.5600004196167,11.5600004196167,11.59000015258789,11.34000015258789,11.470000267028809,144600.0
2019-12-24,XBIT,19.950000762939453,19.950000762939453,20.75,19.65999984741211,19.950000762939453,319300.0
2019-12-26,AAPL,71.27339172363281,72.47750091552734,72.49500274658203,71.17500305175781,71.20500183105469,93121200.0
2019-12-26,AMD,46.630001068115234,46.630001068115234,47.310001373291016,45.65999984741211,46.9900016784668,57562800.0
2019-12-26,ARW,84.77999877929688,84.77999877929688,84.8499984741211,84.4000015258789,84.62000274658203,188300.0
2019-12-26,CHGG,39.0099983215332,39.0099983215332,39.119998931884766,38.52000045776367,38.599998474121094,500700.0
2019-12-26,UIS,11.539999961853027,11.539999961853027,11.649999618530273,11.4399995803833,11.5600004196167,232600.0
2019-12-26,XBIT,19.290000915527344,19.290000915527344,20.190000534057617,19.094999313354492,19.940000534057617,177100.0
2019-12-27,AAPL,71.24635314941406,72.44999694824219,73.49250030517578,72.02999877929688,72.77999877929688,146266000.0
2019-12-27,AMD,46.18000030517578,46.18000030517578,46.880001068115234,45.97999954223633,46.849998474121094,36581300.0
2019-12-27,ARW,84.5199966430664,84.5199966430664,85.26000213623047,84.44000244140625,85.11000061035156,285000.0
2019-12-27,CHGG,38.2400016784668,38.2400016784668,39.33000183105469,38.130001068115234,39.099998474121094,982800.0
2019-12-27,UIS,11.619999885559082,11.619999885559082,11.6899995803833,11.479999542236328,11.640000343322754,233400.0
2019-12-27,XBIT,19.209999084472656,19.209999084472656,19.40999984741211,18.579999923706055,19.1200008392334,222200.0
2019-12-30,AAPL,71.6692123413086,72.87999725341797,73.17250061035156,71.30500030517578,72.36499786376953,144114400.0
2019-12-30,AMD,45.52000045776367,45.52000045776367,46.16999816894531,44.65999984741211,46.13999938964844,41149700.0
2019-12-30,ARW,84.41000366210938,84.41000366210938,84.9800033569336,84.19000244140625,84.62999725341797,310600.0
2019-12-30,CHGG,37.97999954223633,37.97999954223633,38.279998779296875,37.560001373291016,38.279998779296875,733800.0
2019-12-30,UIS,11.630000114440918,11.630000114440918,11.84000015258789,11.420000076293945,11.579999923706055,375000.0
2019-12-30,XBIT,19.399999618530273,19.399999618530273,19.75,18.899999618530273,19.18000030517578,310300.0
2019-12-31,AAPL,72.19286346435547,73.4124984741211,73.41999816894531,72.37999725341797,72.48249816894531,100805600.0
2019-12-31,AMD,45.86000061035156,45.86000061035156,46.09000015258789,44.91999816894531,45.06999969482422,31673200.0
2019-12-31,ARW,84.73999786376953,84.73999786376953,85.19999694824219,84.19999694824219,84.19999694824219,374100.0
2019-12-31,CHGG,37.90999984741211,37.90999984741211,38.13999938964844,37.75,37.81999969482422,688500.0
2019-12-31,UIS,11.859999656677246,11.859999656677246,11.949999809265137,11.539999961853027,11.539999961853027,348400.0
2019-12-31,XBIT,18.665000915527344,18.665000915527344,19.860000610351562,18.600000381469727,19.59000015258789,275000.0
2020-01-02,AAPL,73.84004211425781,75.0875015258789,75.1500015258789,73.79750061035156,74.05999755859375,135480400.0
2020-01-02,AMD,49.099998474121094,49.099998474121094,49.25,46.630001068115234,46.86000061035156,80331100.0
2020-01-02,ARW,85.79000091552734,85.79000091552734,85.80000305175781,84.41999816894531,85.63999938964844,330800.0
2020-01-02,CHGG,39.029998779296875,39.029998779296875,39.20000076293945,37.810001373291016,38.09000015258789,1366900.0
2020-01-02,UIS,11.890000343322754,11.890000343322754,12.140000343322754,11.720000267028809,11.989999771118164,306900.0
2020-01-02,XBIT,19.219999313354492,19.219999313354492,19.639999389648438,18.700000762939453,18.739999771118164,304800.0
2020-01-03,AAPL,73.12215423583984,74.35749816894531,75.1449966430664,74.125,74.2874984741211,146322800.0
2020-01-03,AMD,48.599998474121094,48.599998474121094,49.38999938964844,47.540000915527344,48.029998779296875,73127400.0
2020-01-03,ARW,84.6500015258789,84.6500015258789,85.01000213623047,84.16999816894531,84.69000244140625,343400.0
2020-01-03,CHGG,38.310001373291016,38.310001373291016,38.61000061035156,37.88999938964844,38.40999984741211,664500.0
2020-01-03,UIS,11.770000457763672,11.770000457763672,11.859999656677246,11.550000190734863,11.640000343322754,343600.0
2020-01-03,XBIT,18.760000228881836,18.760000228881836,19.5,18.709999084472656,18.969999313354492,200500.0
2020-01-06,AAPL,73.70481872558594,74.94999694824219,74.98999786376953,73.1875,73.44750213623047,118387200.0
2020-01-06,AMD,48.38999938964844,48.38999938964844,48.86000061035156,47.86000061035156,48.02000045776367,47934900.0
2020-01-06,ARW,83.19000244140625,83.19000244140625,84.08000183105469,83.19000244140625,83.83999633789062,582300.0
2020-01-06,CHGG,38.880001068115234,38.880001068115234,39.119998931884766,37.959999084472656,38.08000183105469,690600.0
2020-01-06,UIS,11.65999984741211,11.65999984741211,11.819999694824219,11.449999809265137,11.550000190734863,311200.0
2020-01-06,XBIT,18.56999969482422,18.56999969482422,18.774999618530273,17.799999237060547,18.639999389648438,200200.0
2020-01-07,AAPL,73.35818481445312,74.59750366210938,75.2249984741211,74.37000274658203,74.95999908447266,108872000.0
2020-01-07,AMD,48.25,48.25,49.38999938964844,48.040000915527344,49.349998474121094,58061400.0
2020-01-07,ARW,85.01000213623047,85.01000213623047,85.2699966430664,82.58999633789062,83.41999816894531,630600.0
2020-01-07,CHGG,39.439998626708984,39.439998626708984,39.959999084472656,38.65999984741211,38.880001068115234,2141200.0
2020-01-07,UIS,11.65999984741211,11.65999984741211,11.819999694824219,11.5600004196167,11.6899995803833,299400.0
2020-01-07,XBIT,18.299999237060547,18.299999237060547,18.84000015258789,18.190000534057617,18.459999084472656,529400.0
2020-01-08,AAPL,74.53823852539062,75.79750061035156,76.11000061035156,74.29000091552734,74.29000091552734,132079200.0
2020-01-08,AMD,47.83000183105469,47.83000183105469,48.29999923706055,47.13999938964844,47.849998474121094,53767000.0
2020-01-08,ARW,84.19000244140625,84.19000244140625,85.33000183105469,83.62999725341797,84.86000061035156,768800.0
2020-01-08,CHGG,40.099998474121094,40.099998474121094,40.380001068115234,39.380001068115234,39.439998626708984,1352800.0
2020-01-08,UIS,11.760000228881836,11.760000228881836,11.880000114440918,11.619999885559082,11.649999618530273,303900.0
2020-01-08,XBIT,18.06999969482422,18.06999969482422,18.829999923706055,18.0,18.350000381469727,294600.0
2020-01-09,AAPL,76.12149810791016,77.40750122070312,77.60749816894531,76.55000305175781,76.80999755859375,170108400.0
2020-01-09,AMD,48.970001220703125,48.970001220703125,49.959999084472656,48.38999938964844,48.939998626708984,76512800.0
2020-01-09,ARW,84.75,84.75,84.86000061035156,84.0199966430664,84.61000061035156,398000.0
2020-01-09,CHGG,40.4900016784668,40.4900016784668,40.68000030517578,40.27000045776367,40.529998779296875,1246900.0
2020-01-09,UIS,11.920000076293945,11.920000076293945,12.079999923706055,11.760000228881836,11.8100004196167,331700.0
2020-01-09,XBIT,18.270000457763672,18.270000457763672,18.780000686645508,18.0,18.06999969482422,169300.0
2020-01-10,AAPL,76.2935791015625,77.5824966430664,78.1675033569336,77.0625,77.6500015258789,140644800.0
2020-01-10,AMD,48.16999816894531,48.16999816894531,49.290000915527344,48.0,49.2599983215332,44133700.0
2020-01-10,ARW,84.47000122070312,84.47000122070312,85.66000366210938,84.08999633789062,85.26000213623047,473100.0
2020-01-10,CHGG,40.2400016784668,40.2400016784668,40.7400016784668,40.119998931884766,40.459999084472656,832400.0
2020-01-10,UIS,11.670000076293945,11.670000076293945,11.960000038146973,11.630000114440918,11.960000038146973,445400.0
2020-01-10,XBIT,18.219999313354492,18.219999313354492,18.59000015258789,17.8700008392334,18.389999389648438,169400.0
2020-01-13,AAPL,77.92353820800781,79.23999786376953,79.26750183105469,77.7874984741211,77.91000366210938,121532000.0
2020-01-13,AMD,48.75,48.75,48.86000061035156,48.2400016784668,48.65999984741211,34266800.0
2020-01-13,ARW,84.87999725341797,84.87999725341797,84.87999725341797,83.5199966430664,83.5199966430664,339700.0
2020-01-13,CHGG,41.209999084472656,41.209999084472656,41.650001525878906,40.290000915527344,40.5,1056800.0
2020-01-13,UIS,11.899999618530273,11.899999618530273,12.039999961853027,11.609999656677246,11.680000305175781,435600.0
2020-01-13,XBIT,18.6200008392334,18.6200008392334,18.639999389648438,17.8799991607666,18.329999923706055,219500.0
2020-01-14,AAPL,76.87132263183594,78.16999816894531,79.39250183105469,78.0425033569336,79.17500305175781,161954400.0
2020-01-14,AMD,48.209999084472656,48.209999084472656,49.040000915527344,47.90999984741211,48.63999938964844,38563200.0
2020-01-14,ARW,84.1500015258789,84.1500015258789,85.18000030517578,84.06999969482422,84.69999694824219,575700.0
2020-01-14,CHGG,41.459999084472656,41.459999084472656,41.880001068115234,40.84000015258789,41.22999954223633,1071700.0
2020-01-14,UIS,12.140000343322754,12.140000343322754,12.460000038146973,11.819999694824219,11.850000381469727,424800.0
2020-01-14,XBIT,24.329999923706055,24.329999923706055,26.399999618530273,24.0,24.649999618530273,7523300.0
2020-01-15,AAPL,76.54188537597656,77.83499908447266,78.875,77.38749694824219,77.9625015258789,121923600.0
2020-01-15,AMD,48.54999923706055,48.54999923706055,49.08000183105469,48.119998931884766,48.22999954223633,40199900.0
2020-01-15,ARW,83.97000122070312,83.97000122070312,84.97000122070312,83.55999755859375,84.08999633789062,415100.0
2020-01-15,CHGG,41.380001068115234,41.380001068115234,42.189998626708984,41.31999969482422,41.40999984741211,1107600.0
2020-01-15,UIS,12.229999542236328,12.229999542236328,12.430000305175781,12.15999984741211,12.180000305175781,481800.0
2020-01-15,XBIT,24.940000534057617,24.940000534057617,25.18000030517578,24.030000686645508,24.510000228881836,2861600.0
2020-01-16,AAPL,77.50069427490234,78.80999755859375,78.92500305175781,78.02249908447266,78.39749908447266,108829200.0
2020-01-16,AMD,49.77000045776367,49.77000045776367,50.310001373291016,48.9900016784668,49.16999816894531,58898900.0
2020-01-16,ARW,84.1500015258789,84.1500015258789,84.93000030517578,83.69999694824219,84.41000366210938,477400.0
2020-01-16,CHGG,42.720001220703125,42.720001220703125,42.72999954223633,41.599998474121094,41.68000030517578,1694700.0
2020-01-16,UIS,12.399999618530273,12.399999618530273,12.510000228881836,12.220000267028809,12.25,322200.0
2020-01-16,XBIT,24.895000457763672,24.895000457763672,25.25,24.420000076293945,25.040000915527344,1019700.0
2020-01-17,AAPL,78.35869598388672,79.68250274658203,79.68499755859375,78.75,79.06749725341797,137816400.0
2020-01-17,AMD,50.93000030517578,50.93000030517578,51.04999923706055,49.900001525878906,50.20000076293945,57722500.0
2020-01-17,ARW,82.31999969482422,82.31999969482422,84.36000061035156,82.05999755859375,84.36000061035156,798200.0
2020-01-17,CHGG,43.33000183105469,43.33000183105469,43.529998779296875,42.470001220703125,43.040000915527344,2066900.0
2020-01-17,UIS,12.329999923706055,12.329999923706055,12.600000381469727,12.170000076293945,12.4399995803833,609100.0
2020-01-17,XBIT,24.299999237060547,24.299999237060547,25.0,23.780000686645508,24.93000030517578,1314900.0
2020-01-21,AAPL,77.82766723632812,79.14250183105469,79.75499725341797,79.0,79.29750061035156,110843200.0
2020-01-21,AMD,51.04999923706055,51.04999923706055,51.810001373291016,50.70000076293945,50.959999084472656,49095000.0
2020-01-21,ARW,81.7300033569336,81.7300033569336,82.9000015258789,81.61000061035156,81.87000274658203,771700.0
2020-01-21,CHGG,43.0099983215332,43.0099983215332,43.43000030517578,42.66999816894531,43.400001525878906,1563600.0
2020-01-21,UIS,12.399999618530273,12.399999618530273,12.550000190734863,12.300000190734863,12.390000343322754,828800.0
2020-01-21,XBIT,23.010000228881836,23.010000228881836,24.0,22.43000030517578,23.959999084472656,1472300.0
2020-01-22,AAPL,78.10547637939453,79.42500305175781,79.99749755859375,79.32749938964844,79.6449966430664,101832400.0
2020-01-22,AMD,51.43000030517578,51.43000030517578,51.880001068115234,51.20000076293945,51.630001068115234,40772200.0
2020-01-22,ARW,81.98999786376953,81.98999786376953,82.44000244140625,81.66000366210938,82.2300033569336,505000.0
2020-01-22,CHGG,42.939998626708984,42.939998626708984,43.869998931884766,42.93000030517578,43.47999954223633,747100.0
2020-01-22,UIS,11.8100004196167,11.8100004196167,12.510000228881836,11.800000190734863,12.399999618530273,643300.0
2020-01-22,XBIT,22.579999923706055,22.579999923706055,23.100000381469727,22.559999465942383,22.860000610351562,1112700.0
2020-01-23,AAPL,78.48162078857422,79.80750274658203,79.88999938964844,78.9124984741211,79.4800033569336,104472000.0
2020-01-23,AMD,51.709999084472656,51.709999084472656,51.75,50.7400016784668,51.34000015258789,40135400.0
2020-01-23,ARW,82.12000274658203,82.12000274658203,82.55999755859375,80.93000030517578,81.7699966430664,681100.0
2020-01-23,CHGG,42.939998626708984,42.939998626708984,43.13999938964844,42.15999984741211,42.5,1269600.0
2020-01-23,UIS,11.539999961853027,11.539999961853027,11.770000457763672,11.449999809265137,11.75,583600.0
2020-01-23,XBIT,22.790000915527344,22.790000915527344,22.917999267578125,22.520000457763672,22.520000457763672,898500.0
2020-01-24,AAPL,78.25543975830078,79.57749938964844,80.8324966430664,79.37999725341797,80.0625,146537600.0
2020-01-24,AMD,50.349998474121094,50.349998474121094,52.810001373291016,49.470001220703125,52.279998779296875,80004900.0
2020-01-24,ARW,81.5199966430664,81.5199966430664,82.83999633789062,81.18000030517578,82.66000366210938,344300.0
2020-01-24,CHGG,42.720001220703125,42.720001220703125,43.4900016784668,42.2599983215332,43.0,1490400.0
2020-01-24,UIS,10.579999923706055,10.579999923706055,11.579999923706055,10.550000190734863,11.539999961853027,831400.0
2020-01-24,XBIT,23.200000762939453,23.200000762939453,23.5,22.579999923706055,22.75,1383400.0
2020-01-27,AAPL,75.95431518554688,77.23750305175781,77.94249725341797,76.22000122070312,77.51499938964844,161940000.0
2020-01-27,AMD,49.2599983215332,49.2599983215332,49.790000915527344,47.900001525878906,48.45000076293945,48878600.0
2020-01-27,ARW,79.30000305175781,79.30000305175781,80.2699966430664,79.13999938964844,80.19000244140625,442600.0
2020-01-27,CHGG,42.43000030517578,42.43000030517578,42.59000015258789,41.060001373291016,41.720001220703125,1434800.0
2020-01-27,UIS,10.039999961853027,10.039999961853027,10.399999618530273,10.029999732971191,10.199999809265137,869600.0
2020-01-27,XBIT,23.280000686645508,23.280000686645508,23.790000915527344,22.56999969482422,22.950000762939453,1034100.0
2020-01-28,AAPL,78.10301208496094,79.42250061035156,79.5999984741211,78.04750061035156,78.1500015258789,162234000.0
2020-01-28,AMD,50.529998779296875,50.529998779296875,50.849998474121094,49.47999954223633,50.029998779296875,62343800.0
2020-01-28,ARW,79.76000213623047,79.76000213623047,80.04000091552734,79.01000213623047,79.77999877929688,543800.0
2020-01-28,CHGG,42.36000061035156,42.36000061035156,42.81999969482422,42.150001525878906,42.79999923706055,920400.0
2020-01-28,UIS,10.0600004196167,10.0600004196167,10.319999694824219,10.010000228881836,10.130000114440918,512800.0
2020-01-28,XBIT,23.059999465942383,23.059999465942383,23.8700008392334,22.899999618530273,23.40999984741211,947300.0
2020-01-29,AAPL,79.73789978027344,81.08499908447266,81.9625015258789,80.34500122070312,81.11250305175781,216229200.0
2020-01-29,AMD,47.5099983215332,47.5099983215332,48.06999969482422,46.099998474121094,47.84000015258789,112349900.0
2020-01-29,ARW,79.12000274658203,79.12000274658203,80.4000015258789,79.08999633789062,79.9800033569336,383300.0
2020-01-29,CHGG,41.369998931884766,41.369998931884766,42.369998931884766,41.34000015258789,42.13999938964844,1032200.0
2020-01-29,UIS,9.760000228881836,9.760000228881836,10.260000228881836,9.75,10.0600004196167,1754300.0
2020-01-29,XBIT,22.739999771118164,22.739999771118164,23.09000015258789,22.600000381469727,23.059999465942383,864200.0
2020-01-30,AAPL,79.6223373413086,80.96749877929688,81.02249908447266,79.6875,80.13500213623047,126743200.0
2020-01-30,AMD,48.779998779296875,48.779998779296875,48.810001373291016,46.130001068115234,46.4900016784668,70460200.0
2020-01-30,ARW,78.58000183105469,78.58000183105469,78.87000274658203,77.61000061035156,78.33999633789062,561500.0
2020-01-30,CHGG,41.70000076293945,41.70000076293945,41.720001220703125,40.77000045776367,40.810001373291016,1057800.0
2020-01-30,UIS,9.609999656677246,9.609999656677246,9.649999618530273,9.220000267028809,9.569999694824219,762000.0
2020-01-30,XBIT,22.6200008392334,22.6200008392334,22.940000534057617,22.549999237060547,22.799999237060547,623100.0
2020-01-31,AAPL,76.09199523925781,77.37750244140625,80.66999816894531,77.07250213623047,80.23249816894531,199588400.0
2020-01-31,AMD,47.0,47.0,48.58000183105469,46.790000915527344,48.400001525878906,60322400.0
2020-01-31,ARW,75.94000244140625,75.94000244140625,78.87999725341797,75.5199966430664,78.19999694824219,597400.0
2020-01-31,CHGG,41.22999954223633,41.22999954223633,42.11000061035156,40.959999084472656,41.869998931884766,1197300.0
2020-01-31,UIS,9.710000038146973,9.710000038146973,9.9399995803833,9.430000305175781,9.520000457763672,843100.0
2020-01-31,XBIT,22.40999984741211,22.40999984741211,22.809999465942383,22.172000885009766,22.520000457763672,607000.0
2020-02-03,AAPL,75.88301849365234,77.16500091552734,78.37249755859375,75.55500030517578,76.07499694824219,173985600.0
2020-02-03,AMD,48.02000045776367,48.02000045776367,48.099998474121094,46.22999954223633,46.400001525878906,47077000.0
2020-02-03,ARW,75.5999984741211,75.5999984741211,76.83000183105469,75.5199966430664,76.20999908447266,578300.0
2020-02-03,CHGG,41.75,41.75,42.04999923706055,41.41999816894531,41.41999816894531,917300.0
2020-02-03,UIS,9.800000190734863,9.800000190734863,9.890000343322754,9.529999732971191,9.760000228881836,970300.0
2020-02-03,XBIT,21.739999771118164,21.739999771118164,22.420000076293945,21.549999237060547,22.350000381469727,770900.0
2020-02-04,AAPL,78.38819885253906,79.7125015258789,79.91000366210938,78.40750122070312,78.82749938964844,136616400.0
2020-02-04,AMD,49.45000076293945,49.45000076293945,49.75,48.61000061035156,49.209999084472656,46302100.0
2020-02-04,ARW,76.73999786376953,76.73999786376953,77.02999877929688,75.98999786376953,76.70999908447266,906500.0
2020-02-04,CHGG,42.630001068115234,42.630001068115234,43.279998779296875,42.27000045776367,42.27000045776367,971000.0
2020-02-04,UIS,10.300000190734863,10.300000190734863,10.399999618530273,9.970000267028809,10.010000228881836,825000.0
2020-02-04,XBIT,21.780000686645508,21.780000686645508,22.149999618530273,21.68000030517578,21.690000534057617,1123100.0
2020-02-05,AAPL,79.02740478515625,80.36250305175781,81.19000244140625,79.73750305175781,80.87999725341797,118826800.0
2020-02-05,AMD,49.84000015258789,49.84000015258789,50.41999816894531,49.310001373291016,50.290000915527344,42737100.0
2020-02-05,ARW,78.30000305175781,78.30000305175781,79.01000213623047,76.37000274658203,77.55000305175781,641200.0
2020-02-05,CHGG,42.2400016784668,42.2400016784668,43.2599983215332,42.06999969482422,42.95000076293945,916000.0
2020-02-05,UIS,11.100000381469727,11.100000381469727,11.149999618530273,10.4399995803833,10.539999961853027,720600.0
2020-02-05,XBIT,21.709999084472656,21.709999084472656,22.0,21.440000534057617,21.899999618530273,1654200.0
2020-02-06,AAPL,79.95177459716797,81.30249786376953,81.30500030517578,80.06500244140625,80.64250183105469,105425600.0
2020-02-06,AMD,49.31999969482422,49.31999969482422,49.38999938964844,47.630001068115234,48.79999923706055,48670600.0
2020-02-06,ARW,79.41999816894531,79.41999816894531,83.45999908447266,78.73999786376953,79.01000213623047,918900.0
2020-02-06,CHGG,42.849998474121094,42.849998474121094,43.470001220703125,42.2400016784668,42.41999816894531,1510100.0
2020-02-06,UIS,16.200000762939453,16.200000762939453,17.989999771118164,15.350000381469727,16.329999923706055,8562700.0
2020-02-06,XBIT,21.760000228881836,21.760000228881836,21.875,21.520000457763672,21.84000015258789,1488800.0
2020-02-07,AAPL,78.86502075195312,80.00749969482422,80.8499984741211,79.5,80.59249877929688,117684000.0
2020-02-07,AMD,49.72999954223633,49.72999954223633,50.66999816894531,48.63999938964844,48.90999984741211,53107600.0
2020-02-07,ARW,77.2699966430664,77.2699966430664,78.66000366210938,77.22000122070312,78.66000366210938,870800.0
2020-02-07,CHGG,42.709999084472656,42.709999084472656,43.029998779296875,42.16999816894531,42.7400016784668,2755200.0
2020-02-07,UIS,16.479999542236328,16.479999542236328,16.790000915527344,15.449999809265137,16.059999465942383,2748300.0
2020-02-07,XBIT,22.110000610351562,22.110000610351562,22.18000030517578,21.579999923706055,21.719999313354492,1255400.0
2020-02-10,AAPL,79.23959350585938,80.38749694824219,80.38749694824219,78.4625015258789,78.54499816894531,109348800.0
2020-02-10,AMD,52.2599983215332,52.2599983215332,52.29999923706055,49.349998474121094,49.470001220703125,60971700.0
2020-02-10,ARW,77.11000061035156,77.11000061035156,77.72000122070312,76.47000122070312,76.77999877929688,627000.0
2020-02-10,CHGG,44.61000061035156,44.61000061035156,44.900001525878906,42.779998779296875,43.0,3841700.0
2020-02-10,UIS,16.170000076293945,16.170000076293945,16.440000534057617,15.680000305175781,16.43000030517578,1537800.0
2020-02-10,XBIT,21.899999618530273,21.899999618530273,22.43000030517578,21.760000228881836,22.100000381469727,978200.0
2020-02-11,AAPL,78.76152038574219,79.90249633789062,80.9749984741211,79.67749786376953,80.9000015258789,94323200.0
2020-02-11,AMD,53.79999923706055,53.79999923706055,54.47999954223633,52.90999984741211,53.220001220703125,74719100.0
2020-02-11,ARW,77.97000122070312,77.97000122070312,78.3499984741211,77.45999908447266,77.51000213623047,497500.0
2020-02-11,CHGG,40.90999984741211,40.90999984741211,43.380001068115234,40.540000915527344,43.04999923706055,4619600.0
2020-02-11,UIS,16.510000228881836,16.510000228881836,16.969999313354492,15.779999732971191,16.010000228881836,2909600.0
2020-02-11,XBIT,21.760000228881836,21.760000228881836,22.110000610351562,21.530000686645508,22.09000015258789,764400.0
2020-02-12,AAPL,80.63192749023438,81.80000305175781,81.80500030517578,80.36750030517578,80.36750030517578,113730400.0
2020-02-12,AMD,53.88999938964844,53.88999938964844,54.849998474121094,53.529998779296875,54.529998779296875,45994900.0
2020-02-12,ARW,80.33999633789062,80.33999633789062,80.44999694824219,78.58999633789062,78.58999633789062,656700.0
2020-02-12,CHGG,40.08000183105469,40.08000183105469,41.869998931884766,39.029998779296875,41.189998626708984,3332300.0
2020-02-12,UIS,16.940000534057617,16.940000534057617,17.010000228881836,16.450000762939453,16.719999313354492,1886100.0
2020-02-12,XBIT,21.799999237060547,21.799999237060547,22.700000762939453,21.010000228881836,21.59000015258789,1461600.0
2020-02-13,AAPL,80.0577392578125,81.21749877929688,81.55500030517578,80.8375015258789,81.04750061035156,94747600.0
2020-02-13,AMD,54.529998779296875,54.529998779296875,55.029998779296875,53.34000015258789,53.43000030517578,51640000.0
2020-02-13,ARW,79.20999908447266,79.20999908447266,79.93000030517578,78.41000366210938,79.7699966430664,440700.0
2020-02-13,CHGG,39.900001525878906,39.900001525878906,40.20000076293945,39.400001525878906,39.7400016784668,5401600.0
2020-02-13,UIS,17.670000076293945,17.670000076293945,18.1299991607666,16.889999389648438,16.950000762939453,1768900.0
2020-02-13,XBIT,16.530000686645508,16.530000686645508,18.0,16.19499969482422,16.520000457763672,2336400.0
2020-02-14,AAPL,80.07746124267578,81.23750305175781,81.49500274658203,80.7125015258789,81.18499755859375,80113600.0
2020-02-14,AMD,55.310001373291016,55.310001373291016,55.400001525878906,54.560001373291016,55.189998626708984,52365400.0
2020-02-14,ARW,79.19000244140625,79.19000244140625,79.51000213623047,78.5999984741211,79.36000061035156,374700.0
2020-02-14,CHGG,40.08000183105469,40.08000183105469,40.33000183105469,39.630001068115234,39.959999084472656,1875000.0
2020-02-14,UIS,17.389999389648438,17.389999389648438,18.020000457763672,17.329999923706055,17.6299991607666,1979100.0
2020-02-14,XBIT,15.0600004196167,15.0600004196167,16.899999618530273,14.729999542236328,16.65999984741211,1277800.0
